{
    "guid": "root________",
    "title": "",
    "index": 0,
    "dateAdded": 1549622061231000,
    "lastModified": 1561548292701000,
    "id": 1,
    "typeCode": 2,
    "type": "text/x-moz-place-container",
    "root": "placesRoot",
    "children": [
        {
            "guid": "menu________",
            "title": "menu",
            "index": 0,
            "dateAdded": 1549622061231000,
            "lastModified": 1561548292701000,
            "id": 2,
            "typeCode": 2,
            "type": "text/x-moz-place-container",
            "root": "bookmarksMenuFolder",
            "children": [
                {
                    "guid": "wxBmC8DLpoJF",
                    "title": "Developer Resources",
                    "index": 0,
                    "dateAdded": 1476957994000000,
                    "lastModified": 1561546581379000,
                    "id": 7,
                    "typeCode": 2,
                    "type": "text/x-moz-place-container",
                    "children": [
                        {
                            "guid": "S86qdFtgoQ6h",
                            "title": "[SELF-HOSTED] GitLab",
                            "index": 0,
                            "dateAdded": 1499690072000000,
                            "lastModified": 1561384478089000,
                            "id": 37,
                            "typeCode": 1,
                            "iconuri": "https://git.meddbase.com/assets/touch-icon-ipad-retina-8ebe416f5313483d9c1bc772b5bbe03ecad52a54eba443e5215a22caed2a16a2.png",
                            "type": "text/x-moz-place",
                            "uri": "https://git.meddbase.com/"
                        },
                        {
                            "guid": "LMxYcGJhbcSz",
                            "title": "Network Monitor",
                            "index": 1,
                            "dateAdded": 1506418459000000,
                            "lastModified": 1561544934950000,
                            "id": 87,
                            "typeCode": 1,
                            "type": "text/x-moz-place",
                            "uri": "https://netmon.meddbase.com/"
                        },
                        {
                            "guid": "clK4dl_oQB2O",
                            "title": "TFS  -->  MM-SYS\\User",
                            "index": 2,
                            "dateAdded": 1532079084000000,
                            "lastModified": 1561545620920000,
                            "id": 103,
                            "typeCode": 1,
                            "type": "text/x-moz-place",
                            "uri": "https://tfs1.meddbase.com/"
                        },
                        {
                            "guid": "9RUTdl5ePXQn",
                            "title": "Deployment Server",
                            "index": 3,
                            "dateAdded": 1561546444801000,
                            "lastModified": 1561546581379000,
                            "id": 150,
                            "typeCode": 2,
                            "type": "text/x-moz-place-container",
                            "children": [
                                {
                                    "guid": "fv6C6MaJoxrs",
                                    "title": "Deployment Server Dashboard",
                                    "index": 0,
                                    "dateAdded": 1561546484494000,
                                    "lastModified": 1561546484494000,
                                    "id": 151,
                                    "typeCode": 1,
                                    "iconuri": "fake-favicon-uri:http://deploy.mm-sys.co.uk/",
                                    "type": "text/x-moz-place",
                                    "uri": "http://deploy.mm-sys.co.uk/"
                                },
                                {
                                    "guid": "Geow0hQLGU6U",
                                    "title": "Deployment Server - Clients",
                                    "index": 1,
                                    "dateAdded": 1476957994000000,
                                    "lastModified": 1561546578919000,
                                    "id": 9,
                                    "typeCode": 1,
                                    "type": "text/x-moz-place",
                                    "uri": "http://deploy.mm-sys.co.uk/view/clients.htm"
                                },
                                {
                                    "guid": "Un8H-cVt49cL",
                                    "title": "Deployment Server - Sites",
                                    "index": 2,
                                    "dateAdded": 1561546581379000,
                                    "lastModified": 1561546593248000,
                                    "id": 153,
                                    "typeCode": 1,
                                    "type": "text/x-moz-place",
                                    "uri": "http://deploy.mm-sys.co.uk/view/sites.htm"
                                },
                                {
                                    "guid": "XH2bH0SdDBsF",
                                    "title": "Deployment Server - Statistics",
                                    "index": 3,
                                    "dateAdded": 1561546533918000,
                                    "lastModified": 1561546553625000,
                                    "id": 152,
                                    "typeCode": 1,
                                    "type": "text/x-moz-place",
                                    "uri": "http://deploy.mm-sys.co.uk/statistics.aspx"
                                }
                            ]
                        }
                    ]
                },
                {
                    "guid": "eDt8EPBSrfly",
                    "title": "Comm Channels",
                    "index": 1,
                    "dateAdded": 1476957994000000,
                    "lastModified": 1561375321600000,
                    "id": 14,
                    "typeCode": 2,
                    "type": "text/x-moz-place-container",
                    "children": [
                        {
                            "guid": "W9sOTNj9c5jo",
                            "title": "mattermost",
                            "index": 0,
                            "dateAdded": 1511346768000000,
                            "lastModified": 1511346780000000,
                            "id": 15,
                            "typeCode": 1,
                            "iconuri": "fake-favicon-uri:https://mattermost.meddbase.com/",
                            "type": "text/x-moz-place",
                            "uri": "https://mattermost.meddbase.com/"
                        },
                        {
                            "guid": "DUCwGSdeF8Ol",
                            "title": "Outlook Webmail App",
                            "index": 1,
                            "dateAdded": 1476957994000000,
                            "lastModified": 1557849692387000,
                            "id": 17,
                            "typeCode": 1,
                            "type": "text/x-moz-place",
                            "uri": "http://outlook.com/owa/meddbasemms.onmicrosoft.com/"
                        }
                    ]
                },
                {
                    "guid": "lYfiRRA252UB",
                    "title": "Company Resources",
                    "index": 2,
                    "dateAdded": 1561543508904000,
                    "lastModified": 1561546067174000,
                    "id": 132,
                    "typeCode": 2,
                    "type": "text/x-moz-place-container",
                    "children": [
                        {
                            "guid": "BOrkuWVWiYhd",
                            "title": "CM Telecom",
                            "index": 0,
                            "dateAdded": 1494846854000000,
                            "lastModified": 1561543532041000,
                            "id": 69,
                            "typeCode": 1,
                            "type": "text/x-moz-place",
                            "uri": "https://secure.cm.nl/smslogging/Logging.aspx"
                        },
                        {
                            "guid": "HGTlS9DKLZFr",
                            "title": "eFax Developer",
                            "index": 1,
                            "dateAdded": 1500459548000000,
                            "lastModified": 1561543814028000,
                            "id": 76,
                            "typeCode": 1,
                            "type": "text/x-moz-place",
                            "uri": "https://secure.efaxdeveloper.com/"
                        },
                        {
                            "guid": "cc8ipJbyD7-z",
                            "title": "healthcode",
                            "index": 2,
                            "dateAdded": 1505128885000000,
                            "lastModified": 1561545167985000,
                            "id": 98,
                            "typeCode": 1,
                            "iconuri": "fake-favicon-uri:http://www.uat.healthcode.co.uk/",
                            "type": "text/x-moz-place",
                            "uri": "http://www.uat.healthcode.co.uk/"
                        },
                        {
                            "guid": "i-sUw0vh5z6i",
                            "title": "Sage Pay Testing Environment",
                            "index": 3,
                            "dateAdded": 1493046606000000,
                            "lastModified": 1561545104889000,
                            "id": 95,
                            "typeCode": 1,
                            "iconuri": "https://test.sagepay.com/mysagepay/favicon.ico?",
                            "type": "text/x-moz-place",
                            "uri": "https://test.sagepay.com/mysagepay/"
                        },
                        {
                            "guid": "wHRD2kY_cl_4",
                            "title": "Well.Me Development Portal",
                            "index": 4,
                            "dateAdded": 1491305740000000,
                            "lastModified": 1561545851201000,
                            "id": 111,
                            "typeCode": 1,
                            "iconuri": "fake-favicon-uri:https://dev.well.me/",
                            "type": "text/x-moz-place",
                            "uri": "https://dev.well.me/"
                        },
                        {
                            "guid": "9H9gxr65F18M",
                            "title": "Xero Portal",
                            "index": 5,
                            "dateAdded": 1498472408000000,
                            "lastModified": 1561545937944000,
                            "id": 114,
                            "typeCode": 1,
                            "iconuri": "https://login.xero.com/touch-icon-ipad-retina-precomposed-f40130b7.png",
                            "type": "text/x-moz-place",
                            "uri": "https://go.xero.com/"
                        },
                        {
                            "guid": "70S3hIs0RU9A",
                            "title": "Xero Development Portal",
                            "index": 6,
                            "dateAdded": 1498472439000000,
                            "lastModified": 1561545932904000,
                            "id": 113,
                            "typeCode": 1,
                            "iconuri": "fake-favicon-uri:https://app.xero.com/Application/",
                            "type": "text/x-moz-place",
                            "uri": "https://app.xero.com/Application/"
                        }
                    ]
                },
                {
                    "guid": "iX0e55Ar39vY",
                    "title": "Intranet",
                    "index": 3,
                    "dateAdded": 1476957995000000,
                    "lastModified": 1561546067174000,
                    "id": 18,
                    "typeCode": 2,
                    "type": "text/x-moz-place-container",
                    "children": [
                        {
                            "guid": "QAmcotmlT0yX",
                            "title": "Client Management",
                            "index": 0,
                            "dateAdded": 1561375784978000,
                            "lastModified": 1561375843227000,
                            "id": 122,
                            "typeCode": 2,
                            "type": "text/x-moz-place-container",
                            "children": [
                                {
                                    "guid": "pVG2MpMY9no4",
                                    "title": " Contract Management Portal",
                                    "index": 0,
                                    "dateAdded": 1476957995000000,
                                    "lastModified": 1561375792670000,
                                    "id": 23,
                                    "typeCode": 1,
                                    "type": "text/x-moz-place",
                                    "uri": "http://contracts.meddbase.com/"
                                },
                                {
                                    "guid": "C-g2GhobJqzT",
                                    "title": "FileShare",
                                    "index": 1,
                                    "dateAdded": 1498649788000000,
                                    "lastModified": 1561375793933000,
                                    "id": 19,
                                    "typeCode": 1,
                                    "type": "text/x-moz-place",
                                    "uri": "https://fileshare.meddbase.com/"
                                }
                            ]
                        },
                        {
                            "guid": "gLrKQ4FB_a8r",
                            "title": "Internal Tools",
                            "index": 1,
                            "dateAdded": 1561546051680000,
                            "lastModified": 1561546067174000,
                            "id": 141,
                            "typeCode": 2,
                            "type": "text/x-moz-place-container",
                            "children": [
                                {
                                    "guid": "UBXg2DW1KWZL",
                                    "title": "targetprocess",
                                    "index": 0,
                                    "dateAdded": 1465476677000000,
                                    "lastModified": 1561546067174000,
                                    "id": 49,
                                    "typeCode": 1,
                                    "iconuri": "https://planning.meddbase.com/svc/assets-service/css.board/favicons/favicon.ico?AuhnngH30Jhkjo_ygLvlnQOarG",
                                    "type": "text/x-moz-place",
                                    "uri": "https://planning.meddbase.com/"
                                }
                            ]
                        },
                        {
                            "guid": "UeDcwMo_kiQq",
                            "title": "Microsoft Cloud",
                            "index": 2,
                            "dateAdded": 1561375742718000,
                            "lastModified": 1561543861709000,
                            "id": 120,
                            "typeCode": 2,
                            "type": "text/x-moz-place-container",
                            "children": [
                                {
                                    "guid": "qjglUAqc3DV_",
                                    "title": "Azure Active Directory Applications",
                                    "index": 0,
                                    "dateAdded": 1524048742000000,
                                    "lastModified": 1561383073430000,
                                    "id": 32,
                                    "typeCode": 1,
                                    "iconuri": "fake-favicon-uri:https://account.activedirectory.windowsazure.com/r#/applications",
                                    "type": "text/x-moz-place",
                                    "uri": "https://account.activedirectory.windowsazure.com/r#/applications"
                                },
                                {
                                    "guid": "XN593FlVX3Kl",
                                    "title": "Domain Admin Control Panel (Password Reset)",
                                    "index": 1,
                                    "dateAdded": 1500636341000000,
                                    "lastModified": 1561543861709000,
                                    "id": 75,
                                    "typeCode": 1,
                                    "iconuri": "fake-favicon-uri:https://owa.meddbase.com/ecp",
                                    "type": "text/x-moz-place",
                                    "uri": "https://owa.meddbase.com/ecp"
                                },
                                {
                                    "guid": "86hiue4x9KqB",
                                    "title": "[CLOUD] SharePoint - QA",
                                    "index": 2,
                                    "dateAdded": 1557850588181000,
                                    "lastModified": 1561384442385000,
                                    "id": 116,
                                    "typeCode": 1,
                                    "iconuri": "https://meddbasemms.sharepoint.com/_layouts/15/images/favicon.ico?rev=43",
                                    "type": "text/x-moz-place",
                                    "uri": "https://meddbasemms.sharepoint.com/sites/qualityassurance"
                                },
                                {
                                    "guid": "B-E1ZkjiqKjX",
                                    "title": "[CLOUD] SharePoint - Show & Tell",
                                    "index": 3,
                                    "dateAdded": 1557850611374000,
                                    "lastModified": 1561384451250000,
                                    "id": 117,
                                    "typeCode": 1,
                                    "iconuri": "https://meddbasemms.sharepoint.com/_layouts/15/images/favicon.ico?rev=43",
                                    "type": "text/x-moz-place",
                                    "uri": "https://meddbasemms.sharepoint.com/sites/showandtell"
                                },
                                {
                                    "guid": "ScmQxLtZn1px",
                                    "title": "[SELF-HOSTED] SharePoint",
                                    "index": 4,
                                    "dateAdded": 1476957995000000,
                                    "lastModified": 1561384460800000,
                                    "id": 20,
                                    "typeCode": 1,
                                    "iconuri": "https://files.meddbase.com/_layouts/15/images/favicon.ico?rev=23",
                                    "type": "text/x-moz-place",
                                    "uri": "https://files.meddbase.com/"
                                }
                            ]
                        },
                        {
                            "guid": "9DOZvxp9T74X",
                            "title": "VPN",
                            "index": 3,
                            "dateAdded": 1561375755055000,
                            "lastModified": 1561384646170000,
                            "id": 121,
                            "typeCode": 2,
                            "type": "text/x-moz-place-container",
                            "children": [
                                {
                                    "guid": "FAU8VPN9rAn2",
                                    "title": "MMS VPN",
                                    "index": 0,
                                    "dateAdded": 1561375366022000,
                                    "lastModified": 1561375759333000,
                                    "id": 118,
                                    "typeCode": 1,
                                    "type": "text/x-moz-place",
                                    "uri": "https://vpn.meddbase.com/"
                                },
                                {
                                    "guid": "owOAjISg_mTo",
                                    "title": "MMS VPN Eldon",
                                    "index": 1,
                                    "dateAdded": 1483610799000000,
                                    "lastModified": 1561375760759000,
                                    "id": 21,
                                    "typeCode": 1,
                                    "type": "text/x-moz-place",
                                    "uri": "https://vpneldon.meddbase.com/"
                                },
                                {
                                    "guid": "n4eOix2qIevV",
                                    "title": "SSL VPN Client Download",
                                    "index": 2,
                                    "dateAdded": 1561384619951000,
                                    "lastModified": 1561384646170000,
                                    "id": 130,
                                    "typeCode": 1,
                                    "type": "text/x-moz-place",
                                    "uri": "https://vpn.meddbase.com/sslvpn_download.shtml"
                                }
                            ]
                        }
                    ]
                },
                {
                    "guid": "fIU4c762dUbl",
                    "title": "Online Portals",
                    "index": 4,
                    "dateAdded": 1479469794000000,
                    "lastModified": 1561548191623000,
                    "id": 25,
                    "typeCode": 2,
                    "type": "text/x-moz-place-container",
                    "children": [
                        {
                            "guid": "xKSgt1HBD7IS",
                            "title": "Development",
                            "index": 0,
                            "dateAdded": 1561375858976000,
                            "lastModified": 1561548191623000,
                            "id": 123,
                            "typeCode": 2,
                            "type": "text/x-moz-place-container",
                            "children": [
                                {
                                    "guid": "yGtyNy86bIES",
                                    "title": "Patient Portal [LAB]",
                                    "index": 0,
                                    "dateAdded": 1479469832000000,
                                    "lastModified": 1561548191623000,
                                    "id": 27,
                                    "typeCode": 1,
                                    "type": "text/x-moz-place",
                                    "uri": "https://test.patientbooking.co.uk/lab/"
                                },
                                {
                                    "guid": "o6U9yAtG34EO",
                                    "title": "Occupational Health Portal [LAB]",
                                    "index": 1,
                                    "dateAdded": 1479469816000000,
                                    "lastModified": 1561375893731000,
                                    "id": 28,
                                    "typeCode": 1,
                                    "type": "text/x-moz-place",
                                    "uri": "https://test.patientbooking.co.uk/lab/referral/"
                                }
                            ]
                        },
                        {
                            "guid": "q7pmgz_PZuVS",
                            "title": "Production",
                            "index": 1,
                            "dateAdded": 1561375871271000,
                            "lastModified": 1561383357561000,
                            "id": 124,
                            "typeCode": 2,
                            "type": "text/x-moz-place-container",
                            "children": [
                                {
                                    "guid": "1ukY3ushsjUu",
                                    "title": "Patient Portal [HCA]",
                                    "index": 0,
                                    "dateAdded": 1561383348022000,
                                    "lastModified": 1561383412991000,
                                    "id": 127,
                                    "typeCode": 1,
                                    "type": "text/x-moz-place",
                                    "uri": "https://www.patientbooking.co.uk/hca/"
                                },
                                {
                                    "guid": "0I6Jo0lckrpZ",
                                    "title": "Occupational Health Portal [HCA]",
                                    "index": 1,
                                    "dateAdded": 1561383352034000,
                                    "lastModified": 1561383451501000,
                                    "id": 128,
                                    "typeCode": 1,
                                    "type": "text/x-moz-place",
                                    "uri": "https://www.patientbooking.co.uk/hca/referral/"
                                }
                            ]
                        }
                    ]
                },
                {
                    "guid": "TgjtIf9JtRg6",
                    "title": "QA Resources",
                    "index": 5,
                    "dateAdded": 1476957995000000,
                    "lastModified": 1561547815107000,
                    "id": 30,
                    "typeCode": 2,
                    "type": "text/x-moz-place-container",
                    "children": [
                        {
                            "guid": "ymEWtYKVYhLc",
                            "title": "Endpoints",
                            "index": 0,
                            "dateAdded": 1561377701619000,
                            "lastModified": 1561377708601000,
                            "id": 126,
                            "typeCode": 2,
                            "type": "text/x-moz-place-container",
                            "children": [
                                {
                                    "guid": "tOJoyqjGkFu2",
                                    "title": "Test API Endpoint",
                                    "index": 0,
                                    "dateAdded": 1493026431000000,
                                    "lastModified": 1561383619417000,
                                    "id": 33,
                                    "typeCode": 1,
                                    "iconuri": "https://test-api.meddbase.com/images/favicon.ico",
                                    "type": "text/x-moz-place",
                                    "uri": "https://test-api.meddbase.com/"
                                }
                            ]
                        },
                        {
                            "guid": "foLVDP9FMegR",
                            "title": "External Documentation",
                            "index": 1,
                            "dateAdded": 1561545503533000,
                            "lastModified": 1561545520507000,
                            "id": 140,
                            "typeCode": 2,
                            "type": "text/x-moz-place-container",
                            "children": [
                                {
                                    "guid": "bEj_1BVYFHGu",
                                    "title": "targetprocess Entity Type List",
                                    "index": 0,
                                    "dateAdded": 1501599265000000,
                                    "lastModified": 1561545533884000,
                                    "id": 101,
                                    "typeCode": 1,
                                    "iconuri": "fake-favicon-uri:https://md5.tpondemand.com/api/v1/index/meta",
                                    "type": "text/x-moz-place",
                                    "uri": "https://md5.tpondemand.com/api/v1/index/meta"
                                }
                            ]
                        },
                        {
                            "guid": "jP7EMNZfVvZn",
                            "title": "meddbase Sites",
                            "index": 2,
                            "dateAdded": 1561375993644000,
                            "lastModified": 1561544487437000,
                            "id": 125,
                            "typeCode": 2,
                            "type": "text/x-moz-place-container",
                            "children": [
                                {
                                    "guid": "RD5OikD-EYQv",
                                    "title": "[RC] Current Release Candidate",
                                    "index": 0,
                                    "dateAdded": 1495530818000000,
                                    "lastModified": 1561377624441000,
                                    "id": 47,
                                    "typeCode": 1,
                                    "iconuri": "fake-favicon-uri:https://rc.meddbase.com/",
                                    "type": "text/x-moz-place",
                                    "uri": "https://rc.meddbase.com/"
                                },
                                {
                                    "guid": "wgwICU4eXwaX",
                                    "title": "[RC] Next Release Candidate",
                                    "index": 1,
                                    "dateAdded": 1495530818000000,
                                    "lastModified": 1561377626691000,
                                    "id": 48,
                                    "typeCode": 1,
                                    "type": "text/x-moz-place",
                                    "uri": "https://rc2.meddbase.com/"
                                },
                                {
                                    "guid": "6SuoiA1Lmt_3",
                                    "title": "[SANDBOX] Sandbox Login Site",
                                    "index": 2,
                                    "dateAdded": 1476957995000000,
                                    "lastModified": 1561377618524000,
                                    "id": 39,
                                    "typeCode": 1,
                                    "iconuri": "fake-favicon-uri:https://sandbox.meddbase.com/",
                                    "type": "text/x-moz-place",
                                    "uri": "https://sandbox.meddbase.com/"
                                },
                                {
                                    "guid": "_I4Ql6WlJSI1",
                                    "title": "[SYSTEM] Unified System Login Site",
                                    "index": 3,
                                    "dateAdded": 1476957995000000,
                                    "lastModified": 1561377605634000,
                                    "id": 40,
                                    "typeCode": 1,
                                    "type": "text/x-moz-place",
                                    "uri": "https://login.meddbase.com/"
                                },
                                {
                                    "guid": "LgGteOz1GKps",
                                    "title": "[TEST] Application Diagnostics",
                                    "index": 4,
                                    "dateAdded": 1490603881000000,
                                    "lastModified": 1561395208336000,
                                    "id": 65,
                                    "typeCode": 1,
                                    "type": "text/x-moz-place",
                                    "uri": "https://testb1.meddbase.com/nmp.aspx?cp=Diagnostics/Application"
                                },
                                {
                                    "guid": "_QfbpGHxV-Dg",
                                    "title": "[TEST] Change Log",
                                    "index": 5,
                                    "dateAdded": 1507130702000000,
                                    "lastModified": 1561395204381000,
                                    "id": 45,
                                    "typeCode": 1,
                                    "type": "text/x-moz-place",
                                    "uri": "https://testb1.meddbase.com/nmp.aspx?cp=Diagnostics/ChangeLog"
                                },
                                {
                                    "guid": "nMUH_2YJOSNP",
                                    "title": "[TEST] Data Usage",
                                    "index": 6,
                                    "dateAdded": 1500377039000000,
                                    "lastModified": 1561395238388000,
                                    "id": 70,
                                    "typeCode": 1,
                                    "type": "text/x-moz-place",
                                    "uri": "https://testb1.meddbase.com/nmp.aspx?cp=Diagnostics/DataUsage"
                                },
                                {
                                    "guid": "EIfTkt3ZkTk_",
                                    "title": "[TEST] Direct Login URL",
                                    "index": 7,
                                    "dateAdded": 1498042645000000,
                                    "lastModified": 1561377637255000,
                                    "id": 31,
                                    "typeCode": 1,
                                    "type": "text/x-moz-place",
                                    "uri": "http://testb1.meddbase.com/em.aspx/?p=Login/Password&direct=True"
                                },
                                {
                                    "guid": "MMS7an9elr-8",
                                    "title": "[TEST] Licensing Chamber",
                                    "index": 8,
                                    "dateAdded": 1511273515000000,
                                    "lastModified": 1561395202082000,
                                    "id": 43,
                                    "typeCode": 1,
                                    "type": "text/x-moz-place",
                                    "uri": "https://testb1.meddbase.com/nmp.aspx?cp=Account/Configuration/AdminConfiguration"
                                },
                                {
                                    "guid": "bbufNMAVLUHf",
                                    "title": "[TEST] Load/Unload Chambers  -->  MMS.User@MMS-TESTB",
                                    "index": 9,
                                    "dateAdded": 1561544487437000,
                                    "lastModified": 1561544756164000,
                                    "id": 138,
                                    "typeCode": 1,
                                    "type": "text/x-moz-place",
                                    "uri": "https://testb1.meddbase.com/nmp.aspx?cp=Diagnostics/Chambers"
                                },
                                {
                                    "guid": "4qOSLYOYfOr3",
                                    "title": "[TEST] Load/Unload Backend Chambers  -->  MMS.User@MMS-TESTB-BACKEND",
                                    "index": 10,
                                    "dateAdded": 1450778555000000,
                                    "lastModified": 1561544704093000,
                                    "id": 84,
                                    "typeCode": 1,
                                    "type": "text/x-moz-place",
                                    "uri": "https://testb-backend1.meddbase.com/nmp.aspx?cp=Diagnostics/Chambers"
                                },
                                {
                                    "guid": "l7XraLNNJeTn",
                                    "title": "[TEST] PDF Print CSS",
                                    "index": 11,
                                    "dateAdded": 1490605063000000,
                                    "lastModified": 1561395225956000,
                                    "id": 92,
                                    "typeCode": 1,
                                    "type": "text/x-moz-place",
                                    "uri": "https://testb1.meddbase.com/ui/css/print.css"
                                },
                                {
                                    "guid": "CbCJlGQyPH9U",
                                    "title": "[TEST] Performance",
                                    "index": 12,
                                    "dateAdded": 1476957995000000,
                                    "lastModified": 1561395234617000,
                                    "id": 93,
                                    "typeCode": 1,
                                    "type": "text/x-moz-place",
                                    "uri": "https://testb1.meddbase.com/nmp.aspx?cp=Diagnostics/Performance"
                                },
                                {
                                    "guid": "8YVwk9ubjyjT",
                                    "title": "[TEST] Test Bed",
                                    "index": 13,
                                    "dateAdded": 1476957994000000,
                                    "lastModified": 1561395221292000,
                                    "id": 102,
                                    "typeCode": 1,
                                    "type": "text/x-moz-place",
                                    "uri": "https://testb1.meddbase.com/nmp.aspx?cp=TestBed"
                                },
                                {
                                    "guid": "zCk4MslQv8YK",
                                    "title": "[TEST] Unified Test Login Site",
                                    "index": 14,
                                    "dateAdded": 1476957995000000,
                                    "lastModified": 1561377639881000,
                                    "id": 42,
                                    "typeCode": 1,
                                    "iconuri": "https://testlogin.meddbase.com/images/favicon.ico",
                                    "type": "text/x-moz-place",
                                    "uri": "https://testlogin.meddbase.com/"
                                }
                            ]
                        },
                        {
                            "guid": "HvQjYbyT6S0c",
                            "title": "Micro-Service Sites",
                            "index": 3,
                            "dateAdded": 1561383680110000,
                            "lastModified": 1561547815107000,
                            "id": 129,
                            "typeCode": 2,
                            "type": "text/x-moz-place-container",
                            "children": [
                                {
                                    "guid": "eXUWFMYLIsoL",
                                    "title": "Service Sites Dashboard",
                                    "index": 0,
                                    "dateAdded": 1530704787000000,
                                    "lastModified": 1561546389676000,
                                    "id": 99,
                                    "typeCode": 1,
                                    "type": "text/x-moz-place",
                                    "uri": "http://siteping.meddbase.com/"
                                },
                                {
                                    "guid": "A30h49koaCv4",
                                    "title": "Document Preview/Master",
                                    "index": 1,
                                    "dateAdded": 1561546178602000,
                                    "lastModified": 1561546192467000,
                                    "id": 144,
                                    "typeCode": 2,
                                    "type": "text/x-moz-place-container",
                                    "children": [
                                        {
                                            "guid": "g9nSKQUuExFR",
                                            "title": "Document Master [TEST]",
                                            "index": 0,
                                            "dateAdded": 1561543744144000,
                                            "lastModified": 1561546192467000,
                                            "id": 133,
                                            "typeCode": 1,
                                            "type": "text/x-moz-place",
                                            "uri": "http://test-docmaster.meddbase.com/"
                                        },
                                        {
                                            "guid": "3ntTHOsqShCL",
                                            "title": "Document Master [SYSTEM]",
                                            "index": 1,
                                            "dateAdded": 1500454618000000,
                                            "lastModified": 1561546192467000,
                                            "id": 71,
                                            "typeCode": 1,
                                            "type": "text/x-moz-place",
                                            "uri": "http://docmaster.meddbase.com/"
                                        },
                                        {
                                            "guid": "R3gBwiaG9H-G",
                                            "title": "Document Preview [TEST]",
                                            "index": 2,
                                            "dateAdded": 1490347083000000,
                                            "lastModified": 1561546192467000,
                                            "id": 72,
                                            "typeCode": 1,
                                            "type": "text/x-moz-place",
                                            "uri": "https://test-document-preview.meddbase.com/"
                                        },
                                        {
                                            "guid": "6M30sA-fZJ_d",
                                            "title": "Document Preview [SANDBOX]",
                                            "index": 3,
                                            "dateAdded": 1490347104000000,
                                            "lastModified": 1561546192467000,
                                            "id": 73,
                                            "typeCode": 1,
                                            "type": "text/x-moz-place",
                                            "uri": "http://sandbox-document-preview.meddbase.com/"
                                        },
                                        {
                                            "guid": "OdFrYT47pf1w",
                                            "title": "Document Preview [SYSTEM]",
                                            "index": 4,
                                            "dateAdded": 1490347124000000,
                                            "lastModified": 1561546192467000,
                                            "id": 74,
                                            "typeCode": 1,
                                            "type": "text/x-moz-place",
                                            "uri": "https://document-preview.meddbase.com/"
                                        }
                                    ]
                                },
                                {
                                    "guid": "EIY16d4erSyi",
                                    "title": "Event Log",
                                    "index": 2,
                                    "dateAdded": 1561546199362000,
                                    "lastModified": 1561546210624000,
                                    "id": 145,
                                    "typeCode": 2,
                                    "type": "text/x-moz-place-container",
                                    "children": [
                                        {
                                            "guid": "C7rYhRXOe2Zs",
                                            "title": "Event Log [TEST]",
                                            "index": 0,
                                            "dateAdded": 1538143346000000,
                                            "lastModified": 1561546208782000,
                                            "id": 34,
                                            "typeCode": 1,
                                            "type": "text/x-moz-place",
                                            "uri": "http://test-eventlog.meddbase.com/"
                                        },
                                        {
                                            "guid": "yWRyt4zKvazy",
                                            "title": "Event Log [SANDBOX]",
                                            "index": 1,
                                            "dateAdded": 1492704484000000,
                                            "lastModified": 1561546208782000,
                                            "id": 35,
                                            "typeCode": 1,
                                            "iconuri": "fake-favicon-uri:http://sandboxeventlog.mm-sys.co.uk/",
                                            "type": "text/x-moz-place",
                                            "uri": "http://sandboxeventlog.mm-sys.co.uk/"
                                        },
                                        {
                                            "guid": "7W3IJTAqEzhp",
                                            "title": "Event Log [SYSTEM]",
                                            "index": 2,
                                            "dateAdded": 1525346255000000,
                                            "lastModified": 1561546208782000,
                                            "id": 36,
                                            "typeCode": 1,
                                            "iconuri": "fake-favicon-uri:http://eventlog.mm-sys.co.uk/",
                                            "type": "text/x-moz-place",
                                            "uri": "http://eventlog.mm-sys.co.uk/"
                                        }
                                    ]
                                },
                                {
                                    "guid": "qRpzrmMbA3dg",
                                    "title": "Lab Server",
                                    "index": 3,
                                    "dateAdded": 1561546214444000,
                                    "lastModified": 1561546228102000,
                                    "id": 146,
                                    "typeCode": 2,
                                    "type": "text/x-moz-place-container",
                                    "children": [
                                        {
                                            "guid": "UfpyJXmIcVfF",
                                            "title": "Lab Server [TEST]",
                                            "index": 0,
                                            "dateAdded": 1561543969792000,
                                            "lastModified": 1561546226103000,
                                            "id": 134,
                                            "typeCode": 1,
                                            "type": "text/x-moz-place",
                                            "uri": "https://test-labserver.meddbase.com/"
                                        },
                                        {
                                            "guid": "hfshjRcoFMOG",
                                            "title": "Lab Server [SYSTEM]",
                                            "index": 1,
                                            "dateAdded": 1480688833000000,
                                            "lastModified": 1561546226103000,
                                            "id": 81,
                                            "typeCode": 1,
                                            "type": "text/x-moz-place",
                                            "uri": "http://labserver.meddbase.com/"
                                        }
                                    ]
                                },
                                {
                                    "guid": "_-0kocc-yTPf",
                                    "title": "Mail Send/Receive",
                                    "index": 4,
                                    "dateAdded": 1561546234281000,
                                    "lastModified": 1561546244933000,
                                    "id": 147,
                                    "typeCode": 2,
                                    "type": "text/x-moz-place-container",
                                    "children": [
                                        {
                                            "guid": "YgO1-WrvHD8g",
                                            "title": "Mail Send/Receive [TEST]",
                                            "index": 0,
                                            "dateAdded": 1492591733000000,
                                            "lastModified": 1561546244933000,
                                            "id": 86,
                                            "typeCode": 1,
                                            "type": "text/x-moz-place",
                                            "uri": "http://test-mailsendreceive.meddbase.com/"
                                        },
                                        {
                                            "guid": "XLoSFW_4iZG8",
                                            "title": "Mail Send/Receive [SYSTEM]",
                                            "index": 1,
                                            "dateAdded": 1476957996000000,
                                            "lastModified": 1561546244933000,
                                            "id": 85,
                                            "typeCode": 1,
                                            "type": "text/x-moz-place",
                                            "uri": "http://mailsendreceive.meddbase.com/"
                                        }
                                    ]
                                },
                                {
                                    "guid": "mtZwHPqsVJ4A",
                                    "title": "Pathways",
                                    "index": 5,
                                    "dateAdded": 1561547264260000,
                                    "lastModified": 1561547303941000,
                                    "id": 159,
                                    "typeCode": 2,
                                    "type": "text/x-moz-place-container",
                                    "children": [
                                        {
                                            "guid": "DLBHawGqD5Wg",
                                            "title": "Pathways Service [TEST]",
                                            "index": 0,
                                            "dateAdded": 1561547303941000,
                                            "lastModified": 1561547303941000,
                                            "id": 163,
                                            "typeCode": 1,
                                            "type": "text/x-moz-place",
                                            "uri": "https://test-pathways.meddbase.com/"
                                        },
                                        {
                                            "guid": "YzHB4QqyTQXH",
                                            "title": "Pathways Service [SANDBOX]",
                                            "index": 1,
                                            "dateAdded": 1561547303758000,
                                            "lastModified": 1561547318674000,
                                            "id": 162,
                                            "typeCode": 1,
                                            "type": "text/x-moz-place",
                                            "uri": "https://sandbox-pathways.meddbase.com/"
                                        },
                                        {
                                            "guid": "MmSzE85zIAUY",
                                            "title": "Pathways Service [UAT]",
                                            "index": 2,
                                            "dateAdded": 1561547303559000,
                                            "lastModified": 1561547328431000,
                                            "id": 161,
                                            "typeCode": 1,
                                            "type": "text/x-moz-place",
                                            "uri": "https://uat-pathways.meddbase.com/"
                                        },
                                        {
                                            "guid": "gSiwDi18gMFP",
                                            "title": "Pathways Service [SYSTEM]",
                                            "index": 3,
                                            "dateAdded": 1561547293084000,
                                            "lastModified": 1561547344512000,
                                            "id": 160,
                                            "typeCode": 1,
                                            "type": "text/x-moz-place",
                                            "uri": "https://pathways.meddbase.com/"
                                        }
                                    ]
                                },
                                {
                                    "guid": "lasr2K_Grn_5",
                                    "title": "Payments Gateway",
                                    "index": 6,
                                    "dateAdded": 1561546250664000,
                                    "lastModified": 1561546261224000,
                                    "id": 148,
                                    "typeCode": 2,
                                    "type": "text/x-moz-place-container",
                                    "children": [
                                        {
                                            "guid": "yf0rB9PVeTw0",
                                            "title": "Payments Gateway [TEST]",
                                            "index": 0,
                                            "dateAdded": 1561544378357000,
                                            "lastModified": 1561546261224000,
                                            "id": 137,
                                            "typeCode": 1,
                                            "type": "text/x-moz-place",
                                            "uri": "https://payment0.meddbase.com/"
                                        },
                                        {
                                            "guid": "ZK87cIpHBrMQ",
                                            "title": "Payments Gateway [SYSTEM]",
                                            "index": 1,
                                            "dateAdded": 1561544350563000,
                                            "lastModified": 1561546261224000,
                                            "id": 136,
                                            "typeCode": 1,
                                            "type": "text/x-moz-place",
                                            "uri": "https://payment.meddbase.com/"
                                        },
                                        {
                                            "guid": "Zm-RFUeBcg7N",
                                            "title": "Pending Payments [TEST]",
                                            "index": 2,
                                            "dateAdded": 1561544327244000,
                                            "lastModified": 1561546261224000,
                                            "id": 135,
                                            "typeCode": 1,
                                            "type": "text/x-moz-place",
                                            "uri": "https://payment0.meddbase.com/PendingPayments.aspx"
                                        },
                                        {
                                            "guid": "yvDA2_o2QZiq",
                                            "title": "Pending Payments [SYSTEM]",
                                            "index": 3,
                                            "dateAdded": 1513178700000000,
                                            "lastModified": 1561546261224000,
                                            "id": 82,
                                            "typeCode": 1,
                                            "type": "text/x-moz-place",
                                            "uri": "https://payment.meddbase.com/PendingPayments.aspx"
                                        }
                                    ]
                                },
                                {
                                    "guid": "xW8bpMrOJLr8",
                                    "title": "Referral Service",
                                    "index": 7,
                                    "dateAdded": 1561546637268000,
                                    "lastModified": 1561546690803000,
                                    "id": 154,
                                    "typeCode": 2,
                                    "type": "text/x-moz-place-container",
                                    "children": [
                                        {
                                            "guid": "nPXH0AMV-HLw",
                                            "title": "Referral Service [TEST]",
                                            "index": 0,
                                            "dateAdded": 1561546663898000,
                                            "lastModified": 1561546663898000,
                                            "id": 156,
                                            "typeCode": 1,
                                            "type": "text/x-moz-place",
                                            "uri": "https://test-referralservice1.meddbase.com/"
                                        },
                                        {
                                            "guid": "fkJNop516Of6",
                                            "title": "Referral Service [SANDBOX]",
                                            "index": 1,
                                            "dateAdded": 1561546690803000,
                                            "lastModified": 1561546702652000,
                                            "id": 157,
                                            "typeCode": 1,
                                            "type": "text/x-moz-place",
                                            "uri": "https://sandbox-referralservice1.meddbase.com/"
                                        },
                                        {
                                            "guid": "NzeDX-QskY3J",
                                            "title": "Referral Service [SYSTEM]",
                                            "index": 2,
                                            "dateAdded": 1561546649469000,
                                            "lastModified": 1561546672661000,
                                            "id": 155,
                                            "typeCode": 1,
                                            "type": "text/x-moz-place",
                                            "uri": "https://referralservice1.meddbase.com/"
                                        }
                                    ]
                                },
                                {
                                    "guid": "3ynZt5QzB16o",
                                    "title": "SNOMED",
                                    "index": 8,
                                    "dateAdded": 1561546264884000,
                                    "lastModified": 1561547815107000,
                                    "id": 149,
                                    "typeCode": 2,
                                    "type": "text/x-moz-place-container",
                                    "children": [
                                        {
                                            "guid": "pfCzBDDV_qW1",
                                            "title": "SNOMED Service [TEST]",
                                            "index": 0,
                                            "dateAdded": 1561547809084000,
                                            "lastModified": 1561547835802000,
                                            "id": 164,
                                            "typeCode": 1,
                                            "type": "text/x-moz-place",
                                            "uri": "https://test-snomed.meddbase.com/"
                                        },
                                        {
                                            "guid": "h3V8sl7_HNTq",
                                            "title": "SNOMED Service [SYSTEM]",
                                            "index": 1,
                                            "dateAdded": 1501853039000000,
                                            "lastModified": 1561547841209000,
                                            "id": 97,
                                            "typeCode": 1,
                                            "type": "text/x-moz-place",
                                            "uri": "http://snomed1.meddbase.com/"
                                        },
                                        {
                                            "guid": "6zl0UUKxZbkq",
                                            "title": "SNOMED Service Test Bed [TEST]",
                                            "index": 2,
                                            "dateAdded": 1561547815107000,
                                            "lastModified": 1561547854871000,
                                            "id": 165,
                                            "typeCode": 1,
                                            "type": "text/x-moz-place",
                                            "uri": "https://test-snomed.meddbase.com/admin.htm"
                                        },
                                        {
                                            "guid": "VTAbWUysMqqK",
                                            "title": "SNOMED Service Test Bed [SYSTEM]",
                                            "index": 3,
                                            "dateAdded": 1561545339876000,
                                            "lastModified": 1561547859877000,
                                            "id": 139,
                                            "typeCode": 1,
                                            "type": "text/x-moz-place",
                                            "uri": "http://snomed1.meddbase.com/admin.htm"
                                        },
                                        {
                                            "guid": "VtVhKQa-OQtP",
                                            "title": "SNOMED Namespace Extension System [TEST]",
                                            "index": 4,
                                            "dateAdded": 1508253044000000,
                                            "lastModified": 1561546272339000,
                                            "id": 107,
                                            "typeCode": 1,
                                            "type": "text/x-moz-place",
                                            "uri": "http://test-snomed-extension-id-provider.meddbase.com/"
                                        },
                                        {
                                            "guid": "f_xSAJ6NctkB",
                                            "title": "SNOMED Namespace Extension System [SYSTEM]",
                                            "index": 5,
                                            "dateAdded": 1508253084000000,
                                            "lastModified": 1561546272339000,
                                            "id": 108,
                                            "typeCode": 1,
                                            "type": "text/x-moz-place",
                                            "uri": "http://snomed-extension-id-provider.meddbase.com/"
                                        }
                                    ]
                                }
                            ]
                        },
                        {
                            "guid": "2JPnoPoWUjbF",
                            "title": "Self-Hosted Documentation",
                            "index": 4,
                            "dateAdded": 1561542297441000,
                            "lastModified": 1561547017228000,
                            "id": 131,
                            "typeCode": 2,
                            "type": "text/x-moz-place-container",
                            "children": [
                                {
                                    "guid": "GYJ7eq_M4s2U",
                                    "title": "meddbase API",
                                    "index": 0,
                                    "dateAdded": 1561375720730000,
                                    "lastModified": 1561542524388000,
                                    "id": 119,
                                    "typeCode": 1,
                                    "type": "text/x-moz-place",
                                    "uri": "http://static.meddbase.com/root/meddbase/MedDBase%20Patient%20Portal%20API.pdf"
                                },
                                {
                                    "guid": "9e87GxIA5aVC",
                                    "title": "meddbase Reference Documentation",
                                    "index": 1,
                                    "dateAdded": 1561546975061000,
                                    "lastModified": 1561547017228000,
                                    "id": 158,
                                    "typeCode": 1,
                                    "iconuri": "http://reference.meddbase.com/images/favicon.ico",
                                    "type": "text/x-moz-place",
                                    "uri": "http://reference.meddbase.com/"
                                },
                                {
                                    "guid": "FZrbJtLPROiY",
                                    "title": "meddbase User Manual",
                                    "index": 2,
                                    "dateAdded": 1476957995000000,
                                    "lastModified": 1561542513828000,
                                    "id": 57,
                                    "typeCode": 1,
                                    "type": "text/x-moz-place",
                                    "uri": "http://static.meddbase.com/root/support%20files/MedDBaseUserGuide.pdf"
                                }
                            ]
                        }
                    ]
                },
                {
                    "guid": "uiCHWswQJe1P",
                    "title": "Tools",
                    "index": 6,
                    "dateAdded": 1476957995000000,
                    "lastModified": 1561548292701000,
                    "id": 63,
                    "typeCode": 2,
                    "type": "text/x-moz-place-container",
                    "children": [
                        {
                            "guid": "Vope0RkOdkzQ",
                            "title": "Chart.JS",
                            "index": 0,
                            "dateAdded": 1496229129000000,
                            "lastModified": 1561543474388000,
                            "id": 66,
                            "typeCode": 1,
                            "iconuri": "fake-favicon-uri:http://www.chartjs.org/",
                            "type": "text/x-moz-place",
                            "uri": "http://www.chartjs.org/"
                        },
                        {
                            "guid": "bgpUf2s5hNcd",
                            "title": "CKEditor",
                            "index": 1,
                            "dateAdded": 1494513282000000,
                            "lastModified": 1494513297000000,
                            "id": 68,
                            "typeCode": 1,
                            "iconuri": "https://ckeditor.com/assets/images/favicons/180x180-b998f23431.png",
                            "type": "text/x-moz-place",
                            "uri": "http://ckeditor.com/"
                        },
                        {
                            "guid": "FrYJJbF4gg5N",
                            "title": "GreenShot",
                            "index": 2,
                            "dateAdded": 1561546129405000,
                            "lastModified": 1561546140639000,
                            "id": 142,
                            "typeCode": 1,
                            "type": "text/x-moz-place",
                            "uri": "https://getgreenshot.org/"
                        },
                        {
                            "guid": "OPlUTZn-8w8v",
                            "title": "Mockaroo",
                            "index": 3,
                            "dateAdded": 1492015617000000,
                            "lastModified": 1492015627000000,
                            "id": 88,
                            "typeCode": 1,
                            "iconuri": "https://www.mockaroo.com/assets/favicon-8d320ac46812befcc8e0c5388550bd14d2105f78bb354728e63dd50d9e345ede.png",
                            "type": "text/x-moz-place",
                            "uri": "https://www.mockaroo.com/"
                        },
                        {
                            "guid": "ytI_mpWmSB6F",
                            "title": "NHS SNOMED Browser",
                            "index": 4,
                            "dateAdded": 1505895736000000,
                            "lastModified": 1561548292701000,
                            "id": 89,
                            "typeCode": 1,
                            "iconuri": "https://termbrowser.nhs.uk/favicon.png",
                            "type": "text/x-moz-place",
                            "uri": "https://termbrowser.nhs.uk/"
                        },
                        {
                            "guid": "D5f_JAsQwISs",
                            "title": "OBS Studio",
                            "index": 5,
                            "dateAdded": 1561546150067000,
                            "lastModified": 1561546161851000,
                            "id": 143,
                            "typeCode": 1,
                            "iconuri": "https://obsproject.com/favicon-96x96.png",
                            "type": "text/x-moz-place",
                            "uri": "https://obsproject.com/"
                        }
                    ]
                }
            ]
        },
        {
            "guid": "toolbar_____",
            "title": "toolbar",
            "index": 1,
            "dateAdded": 1549622061231000,
            "lastModified": 1557849340186000,
            "id": 3,
            "typeCode": 2,
            "type": "text/x-moz-place-container",
            "root": "toolbarFolder"
        },
        {
            "guid": "unfiled_____",
            "title": "unfiled",
            "index": 3,
            "dateAdded": 1549622061231000,
            "lastModified": 1549622062042000,
            "id": 5,
            "typeCode": 2,
            "type": "text/x-moz-place-container",
            "root": "unfiledBookmarksFolder"
        },
        {
            "guid": "mobile______",
            "title": "mobile",
            "index": 4,
            "dateAdded": 1549622061262000,
            "lastModified": 1549622062042000,
            "id": 6,
            "typeCode": 2,
            "type": "text/x-moz-place-container",
            "root": "mobileFolder"
        }
    ]
}