{"guid":"root________","title":"","index":0,"dateAdded":1579019592398000,"lastModified":1579020800736000,"id":1,"typeCode":2,"type":"text/x-moz-place-container","root":"placesRoot","children":[{"guid":"menu________","title":"menu","index":0,"dateAdded":1579019592398000,"lastModified":1579020800736000,"id":2,"typeCode":2,"type":"text/x-moz-place-container","root":"bookmarksMenuFolder","children":[{"guid":"ZUnPQJytXr7d","title":"Developer Resources","index":0,"dateAdded":1476957994000000,"lastModified":1579019772080000,"id":7,"typeCode":2,"type":"text/x-moz-place-container","children":[{"guid":"vyizZDm963Bh","title":"[SELF-HOSTED] GitLab","index":0,"dateAdded":1499690072000000,"lastModified":1561384478000000,"id":8,"typeCode":1,"iconuri":"fake-favicon-uri:https://git.meddbase.com/","type":"text/x-moz-place","uri":"https://git.meddbase.com/"},{"guid":"_d4qJqydf92w","title":"Network Monitor","index":1,"dateAdded":1506418459000000,"lastModified":1561544934000000,"id":9,"typeCode":1,"type":"text/x-moz-place","uri":"https://netmon.meddbase.com/"},{"guid":"qM1u_Jsixy4j","title":"TeamCity","index":2,"dateAdded":1579019772080000,"lastModified":1579019788760000,"id":121,"typeCode":1,"type":"text/x-moz-place","uri":"https://teamcity.meddbase.com/"},{"guid":"Ee_t_TF2VIkw","title":"TFS  -->  MM-SYS\\User","index":3,"dateAdded":1532079084000000,"lastModified":1561545620000000,"id":10,"typeCode":1,"type":"text/x-moz-place","uri":"https://tfs1.meddbase.com/"},{"guid":"yatJE4S3Gull","title":"Deployment Server","index":4,"dateAdded":1561546444000000,"lastModified":1561546581000000,"id":11,"typeCode":2,"type":"text/x-moz-place-container","children":[{"guid":"CbPIzfLyndCK","title":"Deployment Server Dashboard","index":0,"dateAdded":1561546484000000,"lastModified":1561546484000000,"id":12,"typeCode":1,"iconuri":"fake-favicon-uri:http://deploy.mm-sys.co.uk/","type":"text/x-moz-place","uri":"http://deploy.mm-sys.co.uk/"},{"guid":"CCRnPIoduU6j","title":"Deployment Server - Clients","index":1,"dateAdded":1476957994000000,"lastModified":1561546578000000,"id":13,"typeCode":1,"type":"text/x-moz-place","uri":"http://deploy.mm-sys.co.uk/view/clients.htm"},{"guid":"I6r02CMzeExf","title":"Deployment Server - Sites","index":2,"dateAdded":1561546581000000,"lastModified":1561546593000000,"id":14,"typeCode":1,"type":"text/x-moz-place","uri":"http://deploy.mm-sys.co.uk/view/sites.htm"},{"guid":"eVBNTu2ARrLt","title":"Deployment Server - Statistics","index":3,"dateAdded":1561546533000000,"lastModified":1561546553000000,"id":15,"typeCode":1,"type":"text/x-moz-place","uri":"http://deploy.mm-sys.co.uk/statistics.aspx"}]}]},{"guid":"Zd3IWXWpHF_p","title":"Comm Channels","index":1,"dateAdded":1476957994000000,"lastModified":1561375321000000,"id":16,"typeCode":2,"type":"text/x-moz-place-container","children":[{"guid":"G-MHJmcTy5l9","title":"mattermost","index":0,"dateAdded":1511346768000000,"lastModified":1511346780000000,"id":17,"typeCode":1,"iconuri":"fake-favicon-uri:https://mattermost.meddbase.com/","type":"text/x-moz-place","uri":"https://mattermost.meddbase.com/"},{"guid":"hd0AHKltk1nY","title":"Outlook Webmail App","index":1,"dateAdded":1476957994000000,"lastModified":1557849692000000,"id":18,"typeCode":1,"type":"text/x-moz-place","uri":"http://outlook.com/owa/meddbasemms.onmicrosoft.com/"}]},{"guid":"MM3c9Y5ZoiEQ","title":"Company Resources","index":2,"dateAdded":1561543508000000,"lastModified":1561546067000000,"id":19,"typeCode":2,"type":"text/x-moz-place-container","children":[{"guid":"iB_QR7ozQ4o2","title":"CM Telecom","index":0,"dateAdded":1494846854000000,"lastModified":1561543532000000,"id":20,"typeCode":1,"type":"text/x-moz-place","uri":"https://secure.cm.nl/smslogging/Logging.aspx"},{"guid":"JfMouffGGdq5","title":"eFax Developer","index":1,"dateAdded":1500459548000000,"lastModified":1561543814000000,"id":21,"typeCode":1,"type":"text/x-moz-place","uri":"https://secure.efaxdeveloper.com/"},{"guid":"4b3LQzG-Y24n","title":"healthcode","index":2,"dateAdded":1505128885000000,"lastModified":1561545167000000,"id":22,"typeCode":1,"iconuri":"fake-favicon-uri:http://www.uat.healthcode.co.uk/","type":"text/x-moz-place","uri":"http://www.uat.healthcode.co.uk/"},{"guid":"j7YVDPpIhzHj","title":"Sage Pay Testing Environment","index":3,"dateAdded":1493046606000000,"lastModified":1561545104000000,"id":23,"typeCode":1,"iconuri":"fake-favicon-uri:https://test.sagepay.com/mysagepay/","type":"text/x-moz-place","uri":"https://test.sagepay.com/mysagepay/"},{"guid":"yRgqmNH9Jqmx","title":"Well.Me Development Portal","index":4,"dateAdded":1491305740000000,"lastModified":1561545851000000,"id":24,"typeCode":1,"iconuri":"fake-favicon-uri:https://dev.well.me/","type":"text/x-moz-place","uri":"https://dev.well.me/"},{"guid":"wuM-2nVAZUHx","title":"Xero Portal","index":5,"dateAdded":1498472408000000,"lastModified":1561545937000000,"id":25,"typeCode":1,"iconuri":"fake-favicon-uri:https://go.xero.com/","type":"text/x-moz-place","uri":"https://go.xero.com/"},{"guid":"U0dWfd430mSR","title":"Xero Development Portal","index":6,"dateAdded":1498472439000000,"lastModified":1561545932000000,"id":26,"typeCode":1,"iconuri":"fake-favicon-uri:https://app.xero.com/Application/","type":"text/x-moz-place","uri":"https://app.xero.com/Application/"}]},{"guid":"S_9PnydsJbNW","title":"Intranet","index":3,"dateAdded":1476957995000000,"lastModified":1579020800736000,"id":27,"typeCode":2,"type":"text/x-moz-place-container","children":[{"guid":"8dloMZ9_wAMP","title":"Client Management","index":0,"dateAdded":1561375784000000,"lastModified":1561375843000000,"id":28,"typeCode":2,"type":"text/x-moz-place-container","children":[{"guid":"8Et9SuC0UlsB","title":"Contract Management Portal","index":0,"dateAdded":1476957995000000,"lastModified":1561375792000000,"id":29,"typeCode":1,"type":"text/x-moz-place","uri":"http://contracts.meddbase.com/"},{"guid":"ZjP3iJTG_F9r","title":"FileShare","index":1,"dateAdded":1498649788000000,"lastModified":1561375793000000,"id":30,"typeCode":1,"type":"text/x-moz-place","uri":"https://fileshare.meddbase.com/"}]},{"guid":"xhciR1MFRyGX","title":"Internal Tools","index":1,"dateAdded":1561546051000000,"lastModified":1579020454121000,"id":31,"typeCode":2,"type":"text/x-moz-place-container","children":[{"guid":"J6YkBlKI4yDd","title":"StackOverflow Teams","index":0,"dateAdded":1579020454121000,"lastModified":1579020472479000,"id":122,"typeCode":1,"type":"text/x-moz-place","uri":"https://stackoverflow.com/c/meddbase/"},{"guid":"FcZq5SXVU2jH","title":"targetprocess","index":1,"dateAdded":1465476677000000,"lastModified":1561546067000000,"id":32,"typeCode":1,"iconuri":"fake-favicon-uri:https://planning.meddbase.com/","type":"text/x-moz-place","uri":"https://planning.meddbase.com/"}]},{"guid":"jycsstPJOLmC","title":"Microsoft Cloud","index":2,"dateAdded":1561375742000000,"lastModified":1561543861000000,"id":33,"typeCode":2,"type":"text/x-moz-place-container","children":[{"guid":"CcIYi47Hmec7","title":"Azure Active Directory Applications","index":0,"dateAdded":1524048742000000,"lastModified":1561383073000000,"id":34,"typeCode":1,"iconuri":"fake-favicon-uri:https://account.activedirectory.windowsazure.com/r#/applications","type":"text/x-moz-place","uri":"https://account.activedirectory.windowsazure.com/r#/applications"},{"guid":"jnvaGW8gh8pI","title":"Domain Admin Control Panel (Password Reset)","index":1,"dateAdded":1500636341000000,"lastModified":1561543861000000,"id":35,"typeCode":1,"iconuri":"fake-favicon-uri:https://owa.meddbase.com/ecp","type":"text/x-moz-place","uri":"https://owa.meddbase.com/ecp"},{"guid":"mgRqDGgUf-Vu","title":"[CLOUD] SharePoint - QA","index":2,"dateAdded":1557850588000000,"lastModified":1561384442000000,"id":36,"typeCode":1,"iconuri":"fake-favicon-uri:https://meddbasemms.sharepoint.com/sites/qualityassurance","type":"text/x-moz-place","uri":"https://meddbasemms.sharepoint.com/sites/qualityassurance"},{"guid":"HVuJceb25nNN","title":"[CLOUD] SharePoint - Show & Tell","index":3,"dateAdded":1557850611000000,"lastModified":1561384451000000,"id":37,"typeCode":1,"iconuri":"fake-favicon-uri:https://meddbasemms.sharepoint.com/sites/showandtell","type":"text/x-moz-place","uri":"https://meddbasemms.sharepoint.com/sites/showandtell"},{"guid":"xn0nCwFcda3m","title":"[SELF-HOSTED] SharePoint","index":4,"dateAdded":1476957995000000,"lastModified":1561384460000000,"id":38,"typeCode":1,"iconuri":"fake-favicon-uri:https://files.meddbase.com/","type":"text/x-moz-place","uri":"https://files.meddbase.com/"}]},{"guid":"6Hp_lxVa5XIz","title":"Tools For Staff","index":3,"dateAdded":1579020649491000,"lastModified":1579020800736000,"id":123,"typeCode":2,"type":"text/x-moz-place-container","children":[{"guid":"9OcpwiOkI8bJ","title":"Breathe HR","index":0,"dateAdded":1579020661160000,"lastModified":1579020671500000,"id":124,"typeCode":1,"type":"text/x-moz-place","uri":"https://medicalmanagementsystems.breathehr.com/"},{"guid":"oJyYxmi1ecOZ","title":"Clockify","index":1,"dateAdded":1579020786221000,"lastModified":1579020800736000,"id":125,"typeCode":1,"iconuri":"https://clockify.me/assets/images/favicon.ico","type":"text/x-moz-place","uri":"https://clockify.me/"}]},{"guid":"GPiRfrQbXZrO","title":"VPN","index":4,"dateAdded":1561375755000000,"lastModified":1561384646000000,"id":39,"typeCode":2,"type":"text/x-moz-place-container","children":[{"guid":"ZT7KwsnRTIAQ","title":"MMS VPN","index":0,"dateAdded":1561375366000000,"lastModified":1561375759000000,"id":40,"typeCode":1,"type":"text/x-moz-place","uri":"https://vpn.meddbase.com/"},{"guid":"ye2qtdWTFFm0","title":"MMS VPN Eldon","index":1,"dateAdded":1483610799000000,"lastModified":1561375760000000,"id":41,"typeCode":1,"type":"text/x-moz-place","uri":"https://vpneldon.meddbase.com/"},{"guid":"SDWO6Oo83tXM","title":"SSL VPN Client Download","index":2,"dateAdded":1561384619000000,"lastModified":1561384646000000,"id":42,"typeCode":1,"type":"text/x-moz-place","uri":"https://vpn.meddbase.com/sslvpn_download.shtml"}]}]},{"guid":"Ro9WcpUaDXpj","title":"Online Portals","index":4,"dateAdded":1479469794000000,"lastModified":1561548191000000,"id":43,"typeCode":2,"type":"text/x-moz-place-container","children":[{"guid":"_iN8gVElujVv","title":"Development","index":0,"dateAdded":1561375858000000,"lastModified":1561548191000000,"id":44,"typeCode":2,"type":"text/x-moz-place-container","children":[{"guid":"NOL-mb8zusjV","title":"[LAB] Patient Portal","index":0,"dateAdded":1479469832000000,"lastModified":1579020916451000,"id":45,"typeCode":1,"type":"text/x-moz-place","uri":"https://test.patientbooking.co.uk/lab/"},{"guid":"L_k86IqqfYW9","title":"[LAB] Occupational Health Portal","index":1,"dateAdded":1479469816000000,"lastModified":1579020924298000,"id":46,"typeCode":1,"type":"text/x-moz-place","uri":"https://test.patientbooking.co.uk/lab/referral/"}]},{"guid":"Opm_Wh1TRzFT","title":"Production","index":1,"dateAdded":1561375871000000,"lastModified":1561383357000000,"id":47,"typeCode":2,"type":"text/x-moz-place-container","children":[{"guid":"KiC6F86087ZV","title":"[HCA] Patient Portal","index":0,"dateAdded":1561383348000000,"lastModified":1579020933809000,"id":48,"typeCode":1,"type":"text/x-moz-place","uri":"https://www.patientbooking.co.uk/hca/"},{"guid":"UGnDlJdEDW4m","title":"[HCA] Occupational Health Portal","index":1,"dateAdded":1561383352000000,"lastModified":1579020941785000,"id":49,"typeCode":1,"type":"text/x-moz-place","uri":"https://www.patientbooking.co.uk/hca/referral/"}]}]},{"guid":"Ld7t473G0_wt","title":"QA Resources","index":5,"dateAdded":1476957995000000,"lastModified":1561547815000000,"id":50,"typeCode":2,"type":"text/x-moz-place-container","children":[{"guid":"xYkxQb2q5Zx2","title":"Endpoints","index":0,"dateAdded":1561377701000000,"lastModified":1561377708000000,"id":51,"typeCode":2,"type":"text/x-moz-place-container","children":[{"guid":"n5ZCNhpv4BKA","title":"Test API Endpoint","index":0,"dateAdded":1493026431000000,"lastModified":1561383619000000,"id":52,"typeCode":1,"iconuri":"fake-favicon-uri:https://test-api.meddbase.com/","type":"text/x-moz-place","uri":"https://test-api.meddbase.com/"}]},{"guid":"kwQ03n7hSfm0","title":"External Documentation","index":1,"dateAdded":1561545503000000,"lastModified":1561545520000000,"id":53,"typeCode":2,"type":"text/x-moz-place-container","children":[{"guid":"630PTMb714Ym","title":"targetprocess Entity Type List","index":0,"dateAdded":1501599265000000,"lastModified":1561545533000000,"id":54,"typeCode":1,"iconuri":"fake-favicon-uri:https://md5.tpondemand.com/api/v1/index/meta","type":"text/x-moz-place","uri":"https://md5.tpondemand.com/api/v1/index/meta"}]},{"guid":"Ivf6_n3xJOln","title":"meddbase Sites","index":2,"dateAdded":1561375993000000,"lastModified":1561544487000000,"id":55,"typeCode":2,"type":"text/x-moz-place-container","children":[{"guid":"lyM9X_olrJ18","title":"[RC] Current Release Candidate","index":0,"dateAdded":1495530818000000,"lastModified":1561377624000000,"id":56,"typeCode":1,"iconuri":"fake-favicon-uri:https://rc.meddbase.com/","type":"text/x-moz-place","uri":"https://rc.meddbase.com/"},{"guid":"3B1_L5WPauoD","title":"[RC] Next Release Candidate","index":1,"dateAdded":1495530818000000,"lastModified":1561377626000000,"id":57,"typeCode":1,"type":"text/x-moz-place","uri":"https://rc2.meddbase.com/"},{"guid":"WJ0hmeGmSt7_","title":"[SANDBOX] Sandbox Login Site","index":2,"dateAdded":1476957995000000,"lastModified":1561377618000000,"id":58,"typeCode":1,"iconuri":"fake-favicon-uri:https://sandbox.meddbase.com/","type":"text/x-moz-place","uri":"https://sandbox.meddbase.com/"},{"guid":"MdYVIX-Ntv18","title":"[SYSTEM] Unified System Login Site","index":3,"dateAdded":1476957995000000,"lastModified":1561377605000000,"id":59,"typeCode":1,"type":"text/x-moz-place","uri":"https://login.meddbase.com/"},{"guid":"iocPqwNwgtwJ","title":"[TEST] Application Diagnostics","index":4,"dateAdded":1490603881000000,"lastModified":1561395208000000,"id":60,"typeCode":1,"type":"text/x-moz-place","uri":"https://testb1.meddbase.com/nmp.aspx?cp=Diagnostics/Application"},{"guid":"9OeAsn5JyvOQ","title":"[TEST] Change Log","index":5,"dateAdded":1507130702000000,"lastModified":1561395204000000,"id":61,"typeCode":1,"type":"text/x-moz-place","uri":"https://testb1.meddbase.com/nmp.aspx?cp=Diagnostics/ChangeLog"},{"guid":"KDB5Fvx8ojyP","title":"[TEST] Data Usage","index":6,"dateAdded":1500377039000000,"lastModified":1561395238000000,"id":62,"typeCode":1,"type":"text/x-moz-place","uri":"https://testb1.meddbase.com/nmp.aspx?cp=Diagnostics/DataUsage"},{"guid":"7aW6hwIrNhUW","title":"[TEST] Direct Login URL","index":7,"dateAdded":1498042645000000,"lastModified":1561377637000000,"id":63,"typeCode":1,"type":"text/x-moz-place","uri":"http://testb1.meddbase.com/em.aspx/?p=Login/Password&direct=True"},{"guid":"VSOy1Zje7upN","title":"[TEST] Licensing Chamber","index":8,"dateAdded":1511273515000000,"lastModified":1561395202000000,"id":64,"typeCode":1,"type":"text/x-moz-place","uri":"https://testb1.meddbase.com/nmp.aspx?cp=Account/Configuration/AdminConfiguration"},{"guid":"x4rYDHg8x4bg","title":"[TEST] Load/Unload Chambers  -->  MMS.User@MMS-TESTB","index":9,"dateAdded":1561544487000000,"lastModified":1561544756000000,"id":65,"typeCode":1,"type":"text/x-moz-place","uri":"https://testb1.meddbase.com/nmp.aspx?cp=Diagnostics/Chambers"},{"guid":"zbSdVUqtWMhB","title":"[TEST] Load/Unload Backend Chambers  -->  MMS.User@MMS-TESTB-BACKEND","index":10,"dateAdded":1450778555000000,"lastModified":1561544704000000,"id":66,"typeCode":1,"type":"text/x-moz-place","uri":"https://testb-backend1.meddbase.com/nmp.aspx?cp=Diagnostics/Chambers"},{"guid":"biB4m-KGntSx","title":"[TEST] PDF Print CSS","index":11,"dateAdded":1490605063000000,"lastModified":1561395225000000,"id":67,"typeCode":1,"type":"text/x-moz-place","uri":"https://testb1.meddbase.com/ui/css/print.css"},{"guid":"eA10IBMFVHVm","title":"[TEST] Performance","index":12,"dateAdded":1476957995000000,"lastModified":1561395234000000,"id":68,"typeCode":1,"type":"text/x-moz-place","uri":"https://testb1.meddbase.com/nmp.aspx?cp=Diagnostics/Performance"},{"guid":"BiSjLWtH6UGx","title":"[TEST] Test Bed","index":13,"dateAdded":1476957994000000,"lastModified":1561395221000000,"id":69,"typeCode":1,"type":"text/x-moz-place","uri":"https://testb1.meddbase.com/nmp.aspx?cp=TestBed"},{"guid":"k8CuL1bmpUcf","title":"[TEST] Unified Test Login Site","index":14,"dateAdded":1476957995000000,"lastModified":1561377639000000,"id":70,"typeCode":1,"iconuri":"fake-favicon-uri:https://testlogin.meddbase.com/","type":"text/x-moz-place","uri":"https://testlogin.meddbase.com/"}]},{"guid":"tbSwIVCEatlF","title":"Micro-Service Sites","index":3,"dateAdded":1561383680000000,"lastModified":1561547815000000,"id":71,"typeCode":2,"type":"text/x-moz-place-container","children":[{"guid":"LQChAPvLrWXY","title":"Service Sites Dashboard","index":0,"dateAdded":1530704787000000,"lastModified":1561546389000000,"id":72,"typeCode":1,"type":"text/x-moz-place","uri":"http://siteping.meddbase.com/"},{"guid":"okahltZF5jcN","title":"Document Preview/Master","index":1,"dateAdded":1561546178000000,"lastModified":1561546192000000,"id":73,"typeCode":2,"type":"text/x-moz-place-container","children":[{"guid":"cG-16a5-_l2_","title":"Document Master [TEST]","index":0,"dateAdded":1561543744000000,"lastModified":1561546192000000,"id":74,"typeCode":1,"type":"text/x-moz-place","uri":"http://test-docmaster.meddbase.com/"},{"guid":"stMcAecyvgrd","title":"Document Master [SYSTEM]","index":1,"dateAdded":1500454618000000,"lastModified":1561546192000000,"id":75,"typeCode":1,"type":"text/x-moz-place","uri":"http://docmaster.meddbase.com/"},{"guid":"a4R9Xm98Bh9t","title":"Document Preview [TEST]","index":2,"dateAdded":1490347083000000,"lastModified":1561546192000000,"id":76,"typeCode":1,"type":"text/x-moz-place","uri":"https://test-document-preview.meddbase.com/"},{"guid":"njniYKcDE0GB","title":"Document Preview [SANDBOX]","index":3,"dateAdded":1490347104000000,"lastModified":1561546192000000,"id":77,"typeCode":1,"type":"text/x-moz-place","uri":"http://sandbox-document-preview.meddbase.com/"},{"guid":"UazOSeh1F8oZ","title":"Document Preview [SYSTEM]","index":4,"dateAdded":1490347124000000,"lastModified":1561546192000000,"id":78,"typeCode":1,"type":"text/x-moz-place","uri":"https://document-preview.meddbase.com/"}]},{"guid":"nZIaiNNP-J6j","title":"Event Log","index":2,"dateAdded":1561546199000000,"lastModified":1561546210000000,"id":79,"typeCode":2,"type":"text/x-moz-place-container","children":[{"guid":"9Mbn3IgBztD-","title":"Event Log [TEST]","index":0,"dateAdded":1538143346000000,"lastModified":1561546208000000,"id":80,"typeCode":1,"type":"text/x-moz-place","uri":"http://test-eventlog.meddbase.com/"},{"guid":"1fDbBMH5_j3f","title":"Event Log [SANDBOX]","index":1,"dateAdded":1492704484000000,"lastModified":1561546208000000,"id":81,"typeCode":1,"iconuri":"fake-favicon-uri:http://sandboxeventlog.mm-sys.co.uk/","type":"text/x-moz-place","uri":"http://sandboxeventlog.mm-sys.co.uk/"},{"guid":"0_Ke-Cg61Qdk","title":"Event Log [SYSTEM]","index":2,"dateAdded":1525346255000000,"lastModified":1561546208000000,"id":82,"typeCode":1,"iconuri":"fake-favicon-uri:http://eventlog.mm-sys.co.uk/","type":"text/x-moz-place","uri":"http://eventlog.mm-sys.co.uk/"}]},{"guid":"-ZIcgFn39LHm","title":"Lab Server","index":3,"dateAdded":1561546214000000,"lastModified":1561546228000000,"id":83,"typeCode":2,"type":"text/x-moz-place-container","children":[{"guid":"oV2LmL5S_iNc","title":"Lab Server [TEST]","index":0,"dateAdded":1561543969000000,"lastModified":1561546226000000,"id":84,"typeCode":1,"type":"text/x-moz-place","uri":"https://test-labserver.meddbase.com/"},{"guid":"qlyICJnIeWuE","title":"Lab Server [SYSTEM]","index":1,"dateAdded":1480688833000000,"lastModified":1561546226000000,"id":85,"typeCode":1,"type":"text/x-moz-place","uri":"http://labserver.meddbase.com/"}]},{"guid":"SziwNlN_8XsI","title":"Mail Send/Receive","index":4,"dateAdded":1561546234000000,"lastModified":1561546244000000,"id":86,"typeCode":2,"type":"text/x-moz-place-container","children":[{"guid":"ghuFtikq2IOn","title":"Mail Send/Receive [TEST]","index":0,"dateAdded":1492591733000000,"lastModified":1561546244000000,"id":87,"typeCode":1,"type":"text/x-moz-place","uri":"http://test-mailsendreceive.meddbase.com/"},{"guid":"4ZD-ktgCsJVs","title":"Mail Send/Receive [SYSTEM]","index":1,"dateAdded":1476957996000000,"lastModified":1561546244000000,"id":88,"typeCode":1,"type":"text/x-moz-place","uri":"http://mailsendreceive.meddbase.com/"}]},{"guid":"VcrdP1ylch8O","title":"Pathways","index":5,"dateAdded":1561547264000000,"lastModified":1561547303000000,"id":89,"typeCode":2,"type":"text/x-moz-place-container","children":[{"guid":"kqBfg-YSJsMb","title":"Pathways Service [TEST]","index":0,"dateAdded":1561547303000000,"lastModified":1561547303000000,"id":90,"typeCode":1,"type":"text/x-moz-place","uri":"https://test-pathways.meddbase.com/"},{"guid":"MJT6-sP7CS4Q","title":"Pathways Service [SANDBOX]","index":1,"dateAdded":1561547303000000,"lastModified":1561547318000000,"id":91,"typeCode":1,"type":"text/x-moz-place","uri":"https://sandbox-pathways.meddbase.com/"},{"guid":"RfnW2R_Li3MT","title":"Pathways Service [UAT]","index":2,"dateAdded":1561547303000000,"lastModified":1561547328000000,"id":92,"typeCode":1,"type":"text/x-moz-place","uri":"https://uat-pathways.meddbase.com/"},{"guid":"6lFWdxAKkhsz","title":"Pathways Service [SYSTEM]","index":3,"dateAdded":1561547293000000,"lastModified":1561547344000000,"id":93,"typeCode":1,"type":"text/x-moz-place","uri":"https://pathways.meddbase.com/"}]},{"guid":"c4Na2wDz27rZ","title":"Payments Gateway","index":6,"dateAdded":1561546250000000,"lastModified":1561546261000000,"id":94,"typeCode":2,"type":"text/x-moz-place-container","children":[{"guid":"eC-yYvGy9psw","title":"Payments Gateway [TEST]","index":0,"dateAdded":1561544378000000,"lastModified":1561546261000000,"id":95,"typeCode":1,"type":"text/x-moz-place","uri":"https://payment0.meddbase.com/"},{"guid":"lIEpL4tcpj0V","title":"Payments Gateway [SYSTEM]","index":1,"dateAdded":1561544350000000,"lastModified":1561546261000000,"id":96,"typeCode":1,"type":"text/x-moz-place","uri":"https://payment.meddbase.com/"},{"guid":"7Tjy9f3XpzDZ","title":"Pending Payments [TEST]","index":2,"dateAdded":1561544327000000,"lastModified":1561546261000000,"id":97,"typeCode":1,"type":"text/x-moz-place","uri":"https://payment0.meddbase.com/PendingPayments.aspx"},{"guid":"V1t4meZE6MN2","title":"Pending Payments [SYSTEM]","index":3,"dateAdded":1513178700000000,"lastModified":1561546261000000,"id":98,"typeCode":1,"type":"text/x-moz-place","uri":"https://payment.meddbase.com/PendingPayments.aspx"}]},{"guid":"JnMub7rSg9vx","title":"Referral Service","index":7,"dateAdded":1561546637000000,"lastModified":1561546690000000,"id":99,"typeCode":2,"type":"text/x-moz-place-container","children":[{"guid":"J-O6rRWMVMuT","title":"Referral Service [TEST]","index":0,"dateAdded":1561546663000000,"lastModified":1561546663000000,"id":100,"typeCode":1,"type":"text/x-moz-place","uri":"https://test-referralservice1.meddbase.com/"},{"guid":"RmrsRoFW4ifr","title":"Referral Service [SANDBOX]","index":1,"dateAdded":1561546690000000,"lastModified":1561546702000000,"id":101,"typeCode":1,"type":"text/x-moz-place","uri":"https://sandbox-referralservice1.meddbase.com/"},{"guid":"FFAkCTPxBBTe","title":"Referral Service [SYSTEM]","index":2,"dateAdded":1561546649000000,"lastModified":1561546672000000,"id":102,"typeCode":1,"type":"text/x-moz-place","uri":"https://referralservice1.meddbase.com/"}]},{"guid":"KDqyqxjVA1fx","title":"SNOMED","index":8,"dateAdded":1561546264000000,"lastModified":1561547815000000,"id":103,"typeCode":2,"type":"text/x-moz-place-container","children":[{"guid":"sr3uoyVZzq4E","title":"SNOMED Service [TEST]","index":0,"dateAdded":1561547809000000,"lastModified":1561547835000000,"id":104,"typeCode":1,"type":"text/x-moz-place","uri":"https://test-snomed.meddbase.com/"},{"guid":"Jm_8pgr-P_0Y","title":"SNOMED Service [SYSTEM]","index":1,"dateAdded":1501853039000000,"lastModified":1561547841000000,"id":105,"typeCode":1,"type":"text/x-moz-place","uri":"http://snomed1.meddbase.com/"},{"guid":"y6bGKWiJC5hs","title":"SNOMED Service Test Bed [TEST]","index":2,"dateAdded":1561547815000000,"lastModified":1561547854000000,"id":106,"typeCode":1,"type":"text/x-moz-place","uri":"https://test-snomed.meddbase.com/admin.htm"},{"guid":"S-H0V4BYC58Z","title":"SNOMED Service Test Bed [SYSTEM]","index":3,"dateAdded":1561545339000000,"lastModified":1561547859000000,"id":107,"typeCode":1,"type":"text/x-moz-place","uri":"http://snomed1.meddbase.com/admin.htm"},{"guid":"VsWU6FYv5S5a","title":"SNOMED Namespace Extension System [TEST]","index":4,"dateAdded":1508253044000000,"lastModified":1561546272000000,"id":108,"typeCode":1,"type":"text/x-moz-place","uri":"http://test-snomed-extension-id-provider.meddbase.com/"},{"guid":"l15LQvMCYTPw","title":"SNOMED Namespace Extension System [SYSTEM]","index":5,"dateAdded":1508253084000000,"lastModified":1561546272000000,"id":109,"typeCode":1,"type":"text/x-moz-place","uri":"http://snomed-extension-id-provider.meddbase.com/"}]}]},{"guid":"OovVCQZJgi3T","title":"Self-Hosted Documentation","index":4,"dateAdded":1561542297000000,"lastModified":1561547017000000,"id":110,"typeCode":2,"type":"text/x-moz-place-container","children":[{"guid":"8ZfMrNMxq5SX","title":"meddbase API","index":0,"dateAdded":1561375720000000,"lastModified":1561542524000000,"id":111,"typeCode":1,"type":"text/x-moz-place","uri":"http://static.meddbase.com/root/meddbase/MedDBase%20Patient%20Portal%20API.pdf"},{"guid":"4ODcBmpPxF-X","title":"meddbase Reference Documentation","index":1,"dateAdded":1561546975000000,"lastModified":1561547017000000,"id":112,"typeCode":1,"iconuri":"fake-favicon-uri:http://reference.meddbase.com/","type":"text/x-moz-place","uri":"http://reference.meddbase.com/"},{"guid":"1r1IdxaMidoF","title":"meddbase User Manual","index":2,"dateAdded":1476957995000000,"lastModified":1561542513000000,"id":113,"typeCode":1,"type":"text/x-moz-place","uri":"http://static.meddbase.com/root/support%20files/MedDBaseUserGuide.pdf"}]}]},{"guid":"YRxoWjzrDKP-","title":"Tools","index":6,"dateAdded":1476957995000000,"lastModified":1561548292000000,"id":114,"typeCode":2,"type":"text/x-moz-place-container","children":[{"guid":"ZZqyzi4lHhPn","title":"Chart.JS","index":0,"dateAdded":1496229129000000,"lastModified":1561543474000000,"id":115,"typeCode":1,"iconuri":"fake-favicon-uri:http://www.chartjs.org/","type":"text/x-moz-place","uri":"http://www.chartjs.org/"},{"guid":"qknQt9V7xy1V","title":"CKEditor","index":1,"dateAdded":1494513282000000,"lastModified":1494513297000000,"id":116,"typeCode":1,"iconuri":"fake-favicon-uri:http://ckeditor.com/","type":"text/x-moz-place","uri":"http://ckeditor.com/"},{"guid":"z7GSFRnVfgP6","title":"GreenShot","index":2,"dateAdded":1561546129000000,"lastModified":1561546140000000,"id":117,"typeCode":1,"type":"text/x-moz-place","uri":"https://getgreenshot.org/"},{"guid":"xIaSJSQLlcP_","title":"Mockaroo","index":3,"dateAdded":1492015617000000,"lastModified":1492015627000000,"id":118,"typeCode":1,"iconuri":"fake-favicon-uri:https://www.mockaroo.com/","type":"text/x-moz-place","uri":"https://www.mockaroo.com/"},{"guid":"_7e5U4ntsRnr","title":"NHS SNOMED Browser","index":4,"dateAdded":1505895736000000,"lastModified":1561548292000000,"id":119,"typeCode":1,"iconuri":"fake-favicon-uri:https://termbrowser.nhs.uk/","type":"text/x-moz-place","uri":"https://termbrowser.nhs.uk/"},{"guid":"wNgtqi7EXcZ_","title":"OBS Studio","index":5,"dateAdded":1561546150000000,"lastModified":1561546161000000,"id":120,"typeCode":1,"iconuri":"fake-favicon-uri:https://obsproject.com/","type":"text/x-moz-place","uri":"https://obsproject.com/"}]}]},{"guid":"toolbar_____","title":"toolbar","index":1,"dateAdded":1579019592398000,"lastModified":1579019613653000,"id":3,"typeCode":2,"type":"text/x-moz-place-container","root":"toolbarFolder"},{"guid":"unfiled_____","title":"unfiled","index":3,"dateAdded":1579019592398000,"lastModified":1579019592551000,"id":5,"typeCode":2,"type":"text/x-moz-place-container","root":"unfiledBookmarksFolder"},{"guid":"mobile______","title":"mobile","index":4,"dateAdded":1579019592421000,"lastModified":1579019592551000,"id":6,"typeCode":2,"type":"text/x-moz-place-container","root":"mobileFolder"}]}